Workbook

Sheet Instructions
A1: Academic SME Productivity Tracker
A3: Purpose
A4: 1 | B4: Use the Daily Log to enter one row per SME per working day.
A5: 2 | B5: Enter planned vs. completed work to measure productivity.
A6: 3 | B6: Record quality, turnaround time, rework and productive hours.
A7: 4 | B7: Use the Dashboard for management-level monitoring.
A8: 5 | B8: Targets can be changed in the Targets sheet without changing formulas.
A9: 6 | B9: For Google Sheets: upload this .xlsx file to Google Drive and choose Open with Google Sheets.
A12: Recommended SME KPIs
A13: Productivity | B13: Completed tasks / planned tasks
A14: Output | B14: Questions/content created and reviewed
A15: Quality | B15: Quality score, accuracy, rework rate
A16: Efficiency | B16: Average turnaround time and productive hours
A17: Reliability | B17: Attendance and on-time completion
A18: Overall Score | B18: Weighted KPI score shown on Dashboard

Sheet Employee Master
A1: Employee ID | B1: Employee Name | C1: Subject / Domain | D1: Designation | E1: Team / Department | F1: Joining Date | G1: Reporting Manager | H1: Employment Status
A2: SME001 | B2: Amit Sharma | C2: Aarav Sharma | D2: Academic SME | E2: Mathematics | F2: 45818 | G2: Durgesh Yadav | H2: Active
A3: SME002 | B3: Priya Singh | C3: Aditya Verma | D3: Academic SME | E3: Science | F3: 45853 | G3: Durgesh Yadav | H3: Active
A4: SME003 | B4: Rohit Kumar | C4: Ananya Singh | D4: Academic SME | E4: Social Science | F4: 45870 | G4: Durgesh Yadav | H4: Active
A5: SME004 | B5: Neha Verma | C5: Arjun Kumar | D5: Senior Academic SME | E5: Science | F5: 45614 | G5: Durgesh Yadav | H5: Active
A6: SME005 | B6: Ankit Yadav | C6: Ayush Mishra | D6: Academic SME | E6: Science | F6: 45799 | G6: Durgesh Yadav | H6: Active
A7: SME006 | B7: Pooja Mishra | C7: Bhavya Gupta | D7: Academic SME | E7: Mathematics | F7: 45902 | G7: Durgesh Yadav | H7: Active
A8: SME007 | B8: Vikas Gupta | C8: Chetan Yadav | D8: Academic SME | E8: Science | F8: 45943 | G8: Durgesh Yadav | H8: Active
A9: SME008 | B9: Shweta Singh | C9: Deepika Tiwari | D9: Academic SME | E9: Social Science | F9: 45754 | G9: Durgesh Yadav | H9: Active
A10: SME009 | B10: Saurabh Jain | C10: Divyansh Patel | D10: Academic SME | E10: Science | F10: 45832 | G10: Durgesh Yadav | H10: Active
A11: SME010 | B11: Kavita Sharma | C11: Isha Agarwal | D11: Academic SME | E11: Science | F11: 45733 | G11: Durgesh Yadav | H11: Active
A12: SME011 | B12: Manish Kumar | C12: Karan Singh | D12: Academic SME | E12: Mathematics | F12: 45888 | G12: Durgesh Yadav | H12: Active
A13: SME012 | B13: Riya Patel | C13: Kavya Sharma | D13: Academic SME | E13: Technology | F13: 45841 | G13: Durgesh Yadav | H13: Active
... A35: SME034 | B35: Swati Mishra | C35: Vivek Patel | D35: Academic SME | E35: Social Science | F35: 45824 | G35: Devansh Singh | H35: Active

Sheet Targets
A1: KPI | B1: Target | C1: Unit | D1: Weight
A2: Task Completion Rate | B2: 0.9 | C2: % | D2: 0.2
A3: Quality Score | B3: 0.9 | C3: % | D3: 0.3
A4: On-Time Rate | B4: 0.9 | C4: % | D4: 0.15
A5: Accuracy Rate | B5: 0.95 | C5: % | D5: 0.15
A6: Productive Hours | B6: 7 | C6: hours/day | D6: 0.1
A7: Rework Rate | B7: 0.05 | C7: lower is better | D7: 0.1

Sheet Daily Log
A1: Date | B1: SME Name | C1: Subject / Domain | D1: Work Type | E1: Task Planned | F1: Tasks Completed | G1: Quality Score % | H1: Accurate Items | I1: Items Audited | J1: Rework Items | K1: Avg TAT (hrs) | L1: On-Time Items | M1: Total Due Items | N1: Productive Hours | O1: Attendance | P1: Remarks | Q1: Completion Rate % | R1: Accuracy Rate % | S1: Rework Rate % | T1: On-Time Rate % | U1: Overall KPI %
A2: 46216 | B2: Amit Sharma | C2: Mathematics | D2: Content Creation | E2: =RANDBETWEEN(6,16) -> 7 | F2: =RANDBETWEEN(6,15) -> 15 | G2: =F2/E2 -> 2.1428571 | H2: 33 | I2: 36 | J2: 1 | K2: 2.6 | L2: 51 | M2: 55 | N2: 7.3 | O2: Present | P2: Needs quality improvement | Q2: =IFERROR(F2/E2,0) -> 2.1428571 | R2: =IFERROR(H2/I2,0) -> 0.91666667 | S2: =IFERROR(J2/I2,0) -> 0.027777778 | T2: =IFERROR(L2/M2,0) -> 0.92727273 | U2: =IF(B2="","",MIN(Q2/Targets!$B$2,1)*Targets!$D$2+MIN(G2/100/Targets!$B$3,1)*Targets!$D$3+MIN(T2/Targets!$B$4,1)*Targets!$D$4+MIN(R2/Targets!$B$5,1)*Targets!$D$5+MIN(N2/Targets!$B$6,1)*Targets!$D$6+MIN(Targets!$B$7/MAX(S2,0.0001),1)*Targets!$D$7) -> 0.7018797
A3: 46216 | B3: Priya Singh | C3: Physics | D3: Content Creation | E3: =RANDBETWEEN(6,16) -> 12 | F3: =RANDBETWEEN(6,15) -> 10 | G3: =F3/E3 -> 0.83333333 | H3: 37 | I3: 39 | J3: 1 | K3: 2.8 | L3: 51 | M3: 58 | N3: 7.6 | O3: Present | P3: Strong productivity | Q3: =IFERROR(F3/E3,0) -> 0.83333333 | R3: =IFERROR(H3/I3,0) -> 0.94871795 | S3: =IFERROR(J3/I3,0) -> 0.025641026 | T3: =IFERROR(L3/M3,0) -> 0.87931034 | U3: =IF(B3="","",MIN(Q3/Targets!$B$2,1)*Targets!$D$2+MIN(G3/100/Targets!$B$3,1)*Targets!$D$3+MIN(T3/Targets!$B$4,1)*Targets!$D$4+MIN(R3/Targets!$B$5,1)*Targets!$D$5+MIN(N3/Targets!$B$6,1)*Targets!$D$6+MIN(Targets!$B$7/MAX(S3,0.0001),1)*Targets!$D$7) -> 0.68431226
A4: 46216 | B4: Rohit Kumar | C4: Economics | D4: Content Creation | E4: =RANDBETWEEN(6,16) -> 16 | F4: =RANDBETWEEN(6,15) -> 6 | G4: =F4/E4 -> 0.375 | H4: 57 | I4: 58 | J4: 3 | K4: 2.3 | L4: 52 | M4: 60 | N4: 7.7 | O4: Present | P4: Strong productivity | Q4: =IFERROR(F4/E4,0) -> 0.375 | R4: =IFERROR(H4/I4,0) -> 0.98275862 | S4: =IFERROR(J4/I4,0) -> 0.051724138 | T4: =IFERROR(L4/M4,0) -> 0.86666667 | U4: =IF(B4="","",MIN(Q4/Targets!$B$2,1)*Targets!$D$2+MIN(G4/100/Targets!$B$3,1)*Targets!$D$3+MIN(T4/Targets!$B$4,1)*Targets!$D$4+MIN(R4/Targets!$B$5,1)*Targets!$D$5+MIN(N4/Targets!$B$6,1)*Targets!$D$6+MIN(Targets!$B$7/MAX(S4,0.0001),1)*Targets!$D$7) -> 0.57569444
A5: 46216 | B5: Neha Verma | C5: Chemistry | D5: Content Creation | E5: =RANDBETWEEN(6,16) -> 14 | F5: =RANDBETWEEN(6,15) -> 12 | G5: =F5/E5 -> 0.85714286 | H5: 52 | I5: 54 | J5: 3 | K5: 2.1 | L5: 53 | M5: 56 | N5: 7.7 | O5: Present | P5: Good quality | Q5: =IFERROR(F5/E5,0) -> 0.85714286 | R5: =IFERROR(H5/I5,0) -> 0.96296296 | S5: =IFERROR(J5/I5,0) -> 0.055555556 | T5: =IFERROR(L5/M5,0) -> 0.94642857 | U5: =IF(B5="","",MIN(Q5/Targets!$B$2,1)*Targets!$D$2+MIN(G5/100/Targets!$B$3,1)*Targets!$D$3+MIN(T5/Targets!$B$4,1)*Targets!$D$4+MIN(R5/Targets!$B$5,1)*Targets!$D$5+MIN(N5/Targets!$B$6,1)*Targets!$D$6+MIN(Targets!$B$7/MAX(S5,0.0001),1)*Targets!$D$7) -> 0.68333333
A6: 46216 | B6: Ankit Yadav | C6: Biology | D6: Content Creation | E6: =RANDBETWEEN(6,16) -> 13 | F6: =RANDBETWEEN(6,15) -> 15 | G6: =F6/E6 -> 1.1538462 | H6: 24 | I6: 30 | J6: 2 | K6: 4.1 | L6: 37 | M6: 54 | N6: 6.7 | O6: Present | P6: Good quality | Q6: =IFERROR(F6/E6,0) -> 1.1538462 | R6: =IFERROR(H6/I6,0) -> 0.8 | S6: =IFERROR(J6/I6,0) -> 0.066666667 | T6: =IFERROR(L6/M6,0) -> 0.68518519 | U6: =IF(B6="","",MIN(Q6/Targets!$B$2,1)*Targets!$D$2+MIN(G6/100/Targets!$B$3,1)*Targets!$D$3+MIN(T6/Targets!$B$4,1)*Targets!$D$4+MIN(R6/Targets!$B$5,1)*Targets!$D$5+MIN(N6/Targets!$B$6,1)*Targets!$D$6+MIN(Targets!$B$7/MAX(S6,0.0001),1)*Targets!$D$7) -> 0.61507376
A7: 46216 | B7: Pooja Mishra | C7: Mathematics | D7: Content Creation | E7: =RANDBETWEEN(6,16) -> 11 | F7: =RANDBETWEEN(6,15) -> 6 | G7: =F7/E7 -> 0.54545455 | H7: 24 | I7: 30 | J7: 2 | K7: 5.3 | L7: 34 | M7: 48 | N7: 6.6 | O7: Present | P7: Target achieved | Q7: =IFERROR(F7/E7,0) -> 0.54545455 | R7: =IFERROR(H7/I7,0) -> 0.8 | S7: =IFERROR(J7/I7,0) -> 0.066666667 | T7: =IFERROR(L7/M7,0) -> 0.70833333 | U7: =IF(B7="","",MIN(Q7/Targets!$B$2,1)*Targets!$D$2+MIN(G7/100/Targets!$B$3,1)*Targets!$D$3+MIN(T7/Targets!$B$4,1)*Targets!$D$4+MIN(R7/Targets!$B$5,1)*Targets!$D$5+MIN(N7/Targets!$B$6,1)*Targets!$D$6+MIN(Targets!$B$7/MAX(S7,0.0001),1)*Targets!$D$7) -> 0.53668736
A8: 46216 | B8: Vikas Gupta | C8: Physics | D8: Content Creation | E8: =RANDBETWEEN(6,16) -> 8 | F8: =RANDBETWEEN(6,15) -> 15 | G8: =F8/E8 -> 1.875 | H8: 46 | I8: 48 | J8: 4 | K8: 2.1 | L8: 58 | M8: 68 | N8: 8 | O8: Present | P8: Excellent output | Q8: =IFERROR(F8/E8,0) -> 1.875 | R8: =IFERROR(H8/I8,0) -> 0.95833333 | S8: =IFERROR(J8/I8,0) -> 0.083333333 | T8: =IFERROR(L8/M8,0) -> 0.85294118 | U8: =IF(B8="","",MIN(Q8/Targets!$B$2,1)*Targets!$D$2+MIN(G8/100/Targets!$B$3,1)*Targets!$D$3+MIN(T8/Targets!$B$4,1)*Targets!$D$4+MIN(R8/Targets!$B$5,1)*Targets!$D$5+MIN(N8/Targets!$B$6,1)*Targets!$D$6+MIN(Targets!$B$7/MAX(S8,0.0001),1)*Targets!$D$7) -> 0.65840686
A9: 46216 | B9: Shweta Singh | C9: Economics | D9: Content Creation | E9: =RANDBETWEEN(6,16) -> 15 | F9: =RANDBETWEEN(6,15) -> 10 | G9: =F9/E9 -> 0.66666667 | H9: 31 | I9: 35 | J9: 1 | K9: 3.9 | L9: 38 | M9: 45 | N9: 6.3 | O9: Present | P9: Excellent output | Q9: =IFERROR(F9/E9,0) -> 0.66666667 | R9: =IFERROR(H9/I9,0) -> 0.88571429 | S9: =IFERROR(J9/I9,0) -> 0.028571429 | T9: =IFERROR(L9/M9,0) -> 0.84444444 | U9: =IF(B9="","",MIN(Q9/Targets!$B$2,1)*Targets!$D$2+MIN(G9/100/Targets!$B$3,1)*Targets!$D$3+MIN(T9/Targets!$B$4,1)*Targets!$D$4+MIN(R9/Targets!$B$5,1)*Targets!$D$5+MIN(N9/Targets!$B$6,1)*Targets!$D$6+MIN(Targets!$B$7/MAX(S9,0.0001),1)*Targets!$D$7) -> 0.62096074
A10: 46216 | B10: Saurabh Jain | C10: Chemistry | D10: Content Creation | E10: =RANDBETWEEN(6,16) -> 11 | F10: =RANDBETWEEN(6,15) -> 10 | G10: =F10/E10 -> 0.90909091 | H10: 39 | I10: 41 | J10: 3 | K10: 2.5 | L10: 38 | M10: 45 | N10: 7.2 | O10: Present | P10: Excellent output | Q10: =IFERROR(F10/E10,0) -> 0.90909091 | R10: =IFERROR(H10/I10,0) -> 0.95121951 | S10: =IFERROR(J10/I10,0) -> 0.073170732 | T10: =IFERROR(L10/M10,0) -> 0.84444444 | U10: =IF(B10="","",MIN(Q10/Targets!$B$2,1)*Targets!$D$2+MIN(G10/100/Targets!$B$3,1)*Targets!$D$3+MIN(T10/Targets!$B$4,1)*Targets!$D$4+MIN(R10/Targets!$B$5,1)*Targets!$D$5+MIN(N10/Targets!$B$6,1)*Targets!$D$6+MIN(Targets!$B$7/MAX(S10,0.0001),1)*Targets!$D$7) -> 0.66210438
A11: 46216 | B11: Kavita Sharma | C11: Biology | D11: Content Creation | E11: =RANDBETWEEN(6,16) -> 11 | F11: =RANDBETWEEN(6,15) -> 7 | G11: =F11/E11 -> 0.63636364 | H11: 34 | I11: 37 | J11: 3 | K11: 3.8 | L11: 43 | M11: 46 | N11: 6.5 | O11: Present | P11: Needs quality improvement | Q11: =IFERROR(F11/E11,0) -> 0.63636364 | R11: =IFERROR(H11/I11,0) -> 0.91891892 | S11: =IFERROR(J11/I11,0) -> 0.081081081 | T11: =IFERROR(L11/M11,0) -> 0.93478261 | U11: =IF(B11="","",MIN(Q11/Targets!$B$2,1)*Targets!$D$2+MIN(G11/100/Targets!$B$3,1)*Targets!$D$3+MIN(T11/Targets!$B$4,1)*Targets!$D$4+MIN(R11/Targets!$B$5,1)*Targets!$D$5+MIN(N11/Targets!$B$6,1)*Targets!$D$6+MIN(Targets!$B$7/MAX(S11,0.0001),1)*Targets!$D$7) -> 0.59315162
A12: 46216 | B12: Manish Kumar | C12: Statistics | D12: Content Creation | E12: =RANDBETWEEN(6,16) -> 16 | F12: =RANDBETWEEN(6,15) -> 12 | G12: =F12/E12 -> 0.75 | H12: 31 | I12: 35 | J12: 1 | K12: 2.9 | L12: 46 | M12: 53 | N12: 6.5 | O12: Present | P12: On track | Q12: =IFERROR(F12/E12,0) -> 0.75 | R12: =IFERROR(H12/I12,0) -> 0.88571429 | S12: =IFERROR(J12/I12,0) -> 0.028571429 | T12: =IFERROR(L12/M12,0) -> 0.86792453 | U12: =IF(B12="","",MIN(Q12/Targets!$B$2,1)*Targets!$D$2+MIN(G12/100/Targets!$B$3,1)*Targets!$D$3+MIN(T12/Targets!$B$4,1)*Targets!$D$4+MIN(R12/Targets!$B$5,1)*Targets!$D$5+MIN(N12/Targets!$B$6,1)*Targets!$D$6+MIN(Targets!$B$7/MAX(S12,0.0001),1)*Targets!$D$7) -> 0.64652752
A13: 46216 | B13: Riya Patel | C13: Computer Science | D13: Content Creation | E13: =RANDBETWEEN(6,16) -> 16 | F13: =RANDBETWEEN(6,15) -> 13 | G13: =F13/E13 -> 0.8125 | H13: 49 | I13: 51 | J13: 1 | K13: 2.9 | L13: 50 | M13: 55 | N13: 7.4 | O13: Present | P13: Needs TAT improvement | Q13: =IFERROR(F13/E13,0) -> 0.8125 | R13: =IFERROR(H13/I13,0) -> 0.96078431 | S13: =IFERROR(J13/I13,0) -> 0.019607843 | T13: =IFERROR(L13/M13,0) -> 0.90909091 | U13: =IF(B13="","",MIN(Q13/Targets!$B$2,1)*Targets!$D$2+MIN(G13/100/Targets!$B$3,1)*Targets!$D$3+MIN(T13/Targets!$B$4,1)*Targets!$D$4+MIN(R13/Targets!$B$5,1)*Targets!$D$5+MIN(N13/Targets!$B$6,1)*Targets!$D$6+MIN(Targets!$B$7/MAX(S13,0.0001),1)*Targets!$D$7) -> 0.68326389
... A601: 46255 | B601: Swati Mishra | C601: Economics | D601: Content Creation | E601: =RANDBETWEEN(6,16) -> 7 | F601: =RANDBETWEEN(6,15) -> 15 | G601: =F601/E601 -> 2.1428571 | H601: 42 | I601: 43 | J601: 3 | K601: 1.8 | L601: 51 | M601: 61 | N601: 7.3 | O601: Present | P601: Good quality | Q601: =IFERROR(F601/E601,0) -> 2.1428571 | R601: =IFERROR(H601/I601,0) -> 0.97674419 | S601: =IFERROR(J601/I601,0) -> 0.069767442 | T601: =IFERROR(L601/M601,0) -> 0.83606557 | U601: =IF(B601="","",MIN(Q601/Targets!$B$2,1)*Targets!$D$2+MIN(G601/100/Targets!$B$3,1)*Targets!$D$3+MIN(T601/Targets!$B$4,1)*Targets!$D$4+MIN(R601/Targets!$B$5,1)*Targets!$D$5+MIN(N601/Targets!$B$6,1)*Targets!$D$6+MIN(Targets!$B$7/MAX(S601,0.0001),1)*Targets!$D$7) -> 0.66815379

Sheet Dashboard
A1: Academic SME Productivity Dashboard
A3: Total Employees | C3: Avg Completion | E3: Avg Quality | G3: Avg KPI Score
A4: =COUNTA('Employee Master'!$A$2:$A$21) -> 20 | C4: =IFERROR(AVERAGE('Daily Log'!Q2:Q501),0) -> 1.024113 | E4: =IFERROR(AVERAGE('Daily Log'!G2:G501)/100,0) -> 0.01024113 | G4: =IFERROR(AVERAGE('Daily Log'!U2:U501),0) -> 0.63785778
A7: SME Performance Summary
A8: SME Name | B8: Days Logged | C8: Tasks Completed | D8: Avg Quality % | E8: Avg Completion % | F8: Avg On-Time % | G8: Avg Productive Hrs | H8: Avg KPI %
A9: =IFERROR(__xludf.DUMMYFUNCTION("IFERROR(INDEX(UNIQUE(FILTER('Daily Log'!$B$2:$B$501,'Daily Log'!$B$2:$B$501<>"""")),1),"""")"),"Amit Sharma") -> Amit Sharma | B9: =IF(A9="","",COUNTIF('Daily Log'!$B$2:$B$501,A9)) -> 25 | C9: =IF(A9="","",SUMIF('Daily Log'!$B$2:$B$501,A9,'Daily Log'!$F$2:$F$501)) -> 273 | D9: =IF(A9="","",AVERAGEIF('Daily Log'!$B$2:$B$501,A9,'Daily Log'!$G$2:$G$501)) -> 1.1231298 | E9: =IF(A9="","",AVERAGEIF('Daily Log'!$B$2:$B$501,A9,'Daily Log'!$Q$2:$Q$501)) -> 1.1231298 | F9: =IF(A9="","",AVERAGEIF('Daily Log'!$B$2:$B$501,A9,'Daily Log'!$T$2:$T$501)) -> 0.8792877 | G9: =IF(A9="","",AVERAGEIF('Daily Log'!$B$2:$B$501,A9,'Daily Log'!$N$2:$N$501)) -> 7.208 | H9: =IF(A9="","",AVERAGEIF('Daily Log'!$B$2:$B$501,A9,'Daily Log'!$U$2:$U$501)) -> 0.66243712
A10: =IFERROR(__xludf.DUMMYFUNCTION("IFERROR(INDEX(UNIQUE(FILTER('Daily Log'!$B$2:$B$501,'Daily Log'!$B$2:$B$501<>"""")),2),"""")"),"Priya Singh") -> Priya Singh | B10: =IF(A10="","",COUNTIF('Daily Log'!$B$2:$B$501,A10)) -> 25 | C10: =IF(A10="","",SUMIF('Daily Log'!$B$2:$B$501,A10,'Daily Log'!$F$2:$F$501)) -> 248 | D10: =IF(A10="","",AVERAGEIF('Daily Log'!$B$2:$B$501,A10,'Daily Log'!$G$2:$G$501)) -> 0.96033661 | E10: =IF(A10="","",AVERAGEIF('Daily Log'!$B$2:$B$501,A10,'Daily Log'!$Q$2:$Q$501)) -> 0.96033661 | F10: =IF(A10="","",AVERAGEIF('Daily Log'!$B$2:$B$501,A10,'Daily Log'!$T$2:$T$501)) -> 0.83125547 | G10: =IF(A10="","",AVERAGEIF('Daily Log'!$B$2:$B$501,A10,'Daily Log'!$N$2:$N$501)) -> 6.828 | H10: =IF(A10="","",AVERAGEIF('Daily Log'!$B$2:$B$501,A10,'Daily Log'!$U$2:$U$501)) -> 0.63205896
A11: =IFERROR(__xludf.DUMMYFUNCTION("IFERROR(INDEX(UNIQUE(FILTER('Daily Log'!$B$2:$B$501,'Daily Log'!$B$2:$B$501<>"""")),3),"""")"),"Rohit Kumar") -> Rohit Kumar | B11: =IF(A11="","",COUNTIF('Daily Log'!$B$2:$B$501,A11)) -> 25 | C11: =IF(A11="","",SUMIF('Daily Log'!$B$2:$B$501,A11,'Daily Log'!$F$2:$F$501)) -> 275 | D11: =IF(A11="","",AVERAGEIF('Daily Log'!$B$2:$B$501,A11,'Daily Log'!$G$2:$G$501)) -> 1.0831384 | E11: =IF(A11="","",AVERAGEIF('Daily Log'!$B$2:$B$501,A11,'Daily Log'!$Q$2:$Q$501)) -> 1.0831384 | F11: =IF(A11="","",AVERAGEIF('Daily Log'!$B$2:$B$501,A11,'Daily Log'!$T$2:$T$501)) -> 0.84376248 | G11: =IF(A11="","",AVERAGEIF('Daily Log'!$B$2:$B$501,A11,'Daily Log'!$N$2:$N$501)) -> 6.88 | H11: =IF(A11="","",AVERAGEIF('Daily Log'!$B$2:$B$501,A11,'Daily Log'!$U$2:$U$501)) -> 0.65294081
A12: =IFERROR(__xludf.DUMMYFUNCTION("IFERROR(INDEX(UNIQUE(FILTER('Daily Log'!$B$2:$B$501,'Daily Log'!$B$2:$B$501<>"""")),4),"""")"),"Neha Verma") -> Neha Verma | B12: =IF(A12="","",COUNTIF('Daily Log'!$B$2:$B$501,A12)) -> 25 | C12: =IF(A12="","",SUMIF('Daily Log'!$B$2:$B$501,A12,'Daily Log'!$F$2:$F$501)) -> 261 | D12: =IF(A12="","",AVERAGEIF('Daily Log'!$B$2:$B$501,A12,'Daily Log'!$G$2:$G$501)) -> 0.96321989 | E12: =IF(A12="","",AVERAGEIF('Daily Log'!$B$2:$B$501,A12,'Daily Log'!$Q$2:$Q$501)) -> 0.96321989 | F12: =IF(A12="","",AVERAGEIF('Daily Log'!$B$2:$B$501,A12,'Daily Log'!$T$2:$T$501)) -> 0.80481669 | G12: =IF(A12="","",AVERAGEIF('Daily Log'!$B$2:$B$501,A12,'Daily Log'!$N$2:$N$501)) -> 6.6 | H12: =IF(A12="","",AVERAGEIF('Daily Log'!$B$2:$B$501,A12,'Daily Log'!$U$2:$U$501)) -> 0.63083583
A13: =IFERROR(__xludf.DUMMYFUNCTION("IFERROR(INDEX(UNIQUE(FILTER('Daily Log'!$B$2:$B$501,'Daily Log'!$B$2:$B$501<>"""")),5),"""")"),"Ankit Yadav") -> Ankit Yadav | B13: =IF(A13="","",COUNTIF('Daily Log'!$B$2:$B$501,A13)) -> 25 | C13: =IF(A13="","",SUMIF('Daily Log'!$B$2:$B$501,A13,'Daily Log'!$F$2:$F$501)) -> 225 | D13: =IF(A13="","",AVERAGEIF('Daily Log'!$B$2:$B$501,A13,'Daily Log'!$G$2:$G$501)) -> 0.86646837 | E13: =IF(A13="","",AVERAGEIF('Daily Log'!$B$2:$B$501,A13,'Daily Log'!$Q$2:$Q$501)) -> 0.86646837 | F13: =IF(A13="","",AVERAGEIF('Daily Log'!$B$2:$B$501,A13,'Daily Log'!$T$2:$T$501)) -> 0.76559288 | G13: =IF(A13="","",AVERAGEIF('Daily Log'!$B$2:$B$501,A13,'Daily Log'!$N$2:$N$501)) -> 6.352 | H13: =IF(A13="","",AVERAGEIF('Daily Log'!$B$2:$B$501,A13,'Daily Log'!$U$2:$U$501)) -> 0.59554479
A14: =IFERROR(__xludf.DUMMYFUNCTION("IFERROR(INDEX(UNIQUE(FILTER('Daily Log'!$B$2:$B$501,'Daily Log'!$B$2:$B$501<>"""")),6),"""")"),"Pooja Mishra") -> Pooja Mishra | B14: =IF(A14="","",COUNTIF('Daily Log'!$B$2:$B$501,A14)) -> 25 | C14: =IF(A14="","",SUMIF('Daily Log'!$B$2:$B$501,A14,'Daily Log'!$F$2:$F$501)) -> 237 | D14: =IF(A14="","",AVERAGEIF('Daily Log'!$B$2:$B$501,A14,'Daily Log'!$G$2:$G$501)) -> 0.98764519 | E14: =IF(A14="","",AVERAGEIF('Daily Log'!$B$2:$B$501,A14,'Daily Log'!$Q$2:$Q$501)) -> 0.98764519 | F14: =IF(A14="","",AVERAGEIF('Daily Log'!$B$2:$B$501,A14,'Daily Log'!$T$2:$T$501)) -> 0.85204309 | G14: =IF(A14="","",AVERAGEIF('Daily Log'!$B$2:$B$501,A14,'Daily Log'!$N$2:$N$501)) -> 6.78 | H14: =IF(A14="","",AVERAGEIF('Daily Log'!$B$2:$B$501,A14,'Daily Log'!$U$2:$U$501)) -> 0.64093325
A15: =IFERROR(__xludf.DUMMYFUNCTION("IFERROR(INDEX(UNIQUE(FILTER('Daily Log'!$B$2:$B$501,'Daily Log'!$B$2:$B$501<>"""")),7),"""")"),"Vikas Gupta") -> Vikas Gupta | B15: =IF(A15="","",COUNTIF('Daily Log'!$B$2:$B$501,A15)) -> 25 | C15: =IF(A15="","",SUMIF('Daily Log'!$B$2:$B$501,A15,'Daily Log'!$F$2:$F$501)) -> 238 | D15: =IF(A15="","",AVERAGEIF('Daily Log'!$B$2:$B$501,A15,'Daily Log'!$G$2:$G$501)) -> 0.96893995 | E15: =IF(A15="","",AVERAGEIF('Daily Log'!$B$2:$B$501,A15,'Daily Log'!$Q$2:$Q$501)) -> 0.96893995 | F15: =IF(A15="","",AVERAGEIF('Daily Log'!$B$2:$B$501,A15,'Daily Log'!$T$2:$T$501)) -> 0.82250491 | G15: =IF(A15="","",AVERAGEIF('Daily Log'!$B$2:$B$501,A15,'Daily Log'!$N$2:$N$501)) -> 6.656 | H15: =IF(A15="","",AVERAGEIF('Daily Log'!$B$2:$B$501,A15,'Daily Log'!$U$2:$U$501)) -> 0.61938123
A16: =IFERROR(__xludf.DUMMYFUNCTION("IFERROR(INDEX(UNIQUE(FILTER('Daily Log'!$B$2:$B$501,'Daily Log'!$B$2:$B$501<>"""")),8),"""")"),"Shweta Singh") -> Shweta Singh | B16: =IF(A16="","",COUNTIF('Daily Log'!$B$2:$B$501,A16)) -> 25 | C16: =IF(A16="","",SUMIF('Daily Log'!$B$2:$B$501,A16,'Daily Log'!$F$2:$F$501)) -> 250 | D16: =IF(A16="","",AVERAGEIF('Daily Log'!$B$2:$B$501,A16,'Daily Log'!$G$2:$G$501)) -> 0.92868376 | E16: =IF(A16="","",AVERAGEIF('Daily Log'!$B$2:$B$501,A16,'Daily Log'!$Q$2:$Q$501)) -> 0.92868376 | F16: =IF(A16="","",AVERAGEIF('Daily Log'!$B$2:$B$501,A16,'Daily Log'!$T$2:$T$501)) -> 0.84099726 | G16: =IF(A16="","",AVERAGEIF('Daily Log'!$B$2:$B$501,A16,'Daily Log'!$N$2:$N$501)) -> 6.868 | H16: =IF(A16="","",AVERAGEIF('Daily Log'!$B$2:$B$501,A16,'Daily Log'!$U$2:$U$501)) -> 0.62580028
A17: =IFERROR(__xludf.DUMMYFUNCTION("IFERROR(INDEX(UNIQUE(FILTER('Daily Log'!$B$2:$B$501,'Daily Log'!$B$2:$B$501<>"""")),9),"""")"),"Saurabh Jain") -> Saurabh Jain | B17: =IF(A17="","",COUNTIF('Daily Log'!$B$2:$B$501,A17)) -> 25 | C17: =IF(A17="","",SUMIF('Daily Log'!$B$2:$B$501,A17,'Daily Log'!$F$2:$F$501)) -> 248 | D17: =IF(A17="","",AVERAGEIF('Daily Log'!$B$2:$B$501,A17,'Daily Log'!$G$2:$G$501)) -> 1.0728124 | E17: =IF(A17="","",AVERAGEIF('Daily Log'!$B$2:$B$501,A17,'Daily Log'!$Q$2:$Q$501)) -> 1.0728124 | F17: =IF(A17="","",AVERAGEIF('Daily Log'!$B$2:$B$501,A17,'Daily Log'!$T$2:$T$501)) -> 0.8566844 | G17: =IF(A17="","",AVERAGEIF('Daily Log'!$B$2:$B$501,A17,'Daily Log'!$N$2:$N$501)) -> 6.76 | H17: =IF(A17="","",AVERAGEIF('Daily Log'!$B$2:$B$501,A17,'Daily Log'!$U$2:$U$501)) -> 0.64518009
A18: =IFERROR(__xludf.DUMMYFUNCTION("IFERROR(INDEX(UNIQUE(FILTER('Daily Log'!$B$2:$B$501,'Daily Log'!$B$2:$B$501<>"""")),10),"""")"),"Kavita Sharma") -> Kavita Sharma | B18: =IF(A18="","",COUNTIF('Daily Log'!$B$2:$B$501,A18)) -> 25 | C18: =IF(A18="","",SUMIF('Daily Log'!$B$2:$B$501,A18,'Daily Log'!$F$2:$F$501)) -> 266 | D18: =IF(A18="","",AVERAGEIF('Daily Log'!$B$2:$B$501,A18,'Daily Log'!$G$2:$G$501)) -> 0.99374431 | E18: =IF(A18="","",AVERAGEIF('Daily Log'!$B$2:$B$501,A18,'Daily Log'!$Q$2:$Q$501)) -> 0.99374431 | F18: =IF(A18="","",AVERAGEIF('Daily Log'!$B$2:$B$501,A18,'Daily Log'!$T$2:$T$501)) -> 0.79390615 | G18: =IF(A18="","",AVERAGEIF('Daily Log'!$B$2:$B$501,A18,'Daily Log'!$N$2:$N$501)) -> 6.52 | H18: =IF(A18="","",AVERAGEIF('Daily Log'!$B$2:$B$501,A18,'Daily Log'!$U$2:$U$501)) -> 0.62261179
A19: =IFERROR(__xludf.DUMMYFUNCTION("IFERROR(INDEX(UNIQUE(FILTER('Daily Log'!$B$2:$B$501,'Daily Log'!$B$2:$B$501<>"""")),11),"""")"),"Manish Kumar") -> Manish Kumar | B19: =IF(A19="","",COUNTIF('Daily Log'!$B$2:$B$501,A19)) -> 25 | C19: =IF(A19="","",SUMIF('Daily Log'!$B$2:$B$501,A19,'Daily Log'!$F$2:$F$501)) -> 281 | D19: =IF(A19="","",AVERAGEIF('Daily Log'!$B$2:$B$501,A19,'Daily Log'!$G$2:$G$501)) -> 1.0565717 | E19: =IF(A19="","",AVERAGEIF('Daily Log'!$B$2:$B$501,A19,'Daily Log'!$Q$2:$Q$501)) -> 1.0565717 | F19: =IF(A19="","",AVERAGEIF('Daily Log'!$B$2:$B$501,A19,'Daily Log'!$T$2:$T$501)) -> 0.85890984 | G19: =IF(A19="","",AVERAGEIF('Daily Log'!$B$2:$B$501,A19,'Daily Log'!$N$2:$N$501)) -> 6.844 | H19: =IF(A19="","",AVERAGEIF('Daily Log'!$B$2:$B$501,A19,'Daily Log'!$U$2:$U$501)) -> 0.65499977
A20: =IFERROR(__xludf.DUMMYFUNCTION("IFERROR(INDEX(UNIQUE(FILTER('Daily Log'!$B$2:$B$501,'Daily Log'!$B$2:$B$501<>"""")),12),"""")"),"Riya Patel") -> Riya Patel | B20: =IF(A20="","",COUNTIF('Daily Log'!$B$2:$B$501,A20)) -> 25 | C20: =IF(A20="","",SUMIF('Daily Log'!$B$2:$B$501,A20,'Daily Log'!$F$2:$F$501)) -> 270 | D20: =IF(A20="","",AVERAGEIF('Daily Log'!$B$2:$B$501,A20,'Daily Log'!$G$2:$G$501)) -> 0.98755067 | E20: =IF(A20="","",AVERAGEIF('Daily Log'!$B$2:$B$501,A20,'Daily Log'!$Q$2:$Q$501)) -> 0.98755067 | F20: =IF(A20="","",AVERAGEIF('Daily Log'!$B$2:$B$501,A20,'Daily Log'!$T$2:$T$501)) -> 0.87223339 | G20: =IF(A20="","",AVERAGEIF('Daily Log'!$B$2:$B$501,A20,'Daily Log'!$N$2:$N$501)) -> 7.196 | H20: =IF(A20="","",AVERAGEIF('Daily Log'!$B$2:$B$501,A20,'Daily Log'!$U$2:$U$501)) -> 0.63884983
A21: =IFERROR(__xludf.DUMMYFUNCTION("IFERROR(INDEX(UNIQUE(FILTER('Daily Log'!$B$2:$B$501,'Daily Log'!$B$2:$B$501<>"""")),13),"""")"),"Deepak Singh") -> Deepak Singh | B21: =IF(A21="","",COUNTIF('Daily Log'!$B$2:$B$501,A21)) -> 25 | C21: =IF(A21="","",SUMIF('Daily Log'!$B$2:$B$501,A21,'Daily Log'!$F$2:$F$501)) -> 279 | D21: =IF(A21="","",AVERAGEIF('Daily Log'!$B$2:$B$501,A21,'Daily Log'!$G$2:$G$501)) -> 1.123493 | E21: =IF(A21="","",AVERAGEIF('Daily Log'!$B$2:$B$501,A21,'Daily Log'!$Q$2:$Q$501)) -> 1.123493 | F21: =IF(A21="","",AVERAGEIF('Daily Log'!$B$2:$B$501,A21,'Daily Log'!$T$2:$T$501)) -> 0.87615148 | G21: =IF(A21="","",AVERAGEIF('Daily Log'!$B$2:$B$501,A21,'Daily Log'!$N$2:$N$501)) -> 6.864 | H21: =IF(A21="","",AVERAGEIF('Daily Log'!$B$2:$B$501,A21,'Daily Log'!$U$2:$U$501)) -> 0.66076777
A22: =IFERROR(__xludf.DUMMYFUNCTION("IFERROR(INDEX(UNIQUE(FILTER('Daily Log'!$B$2:$B$501,'Daily Log'!$B$2:$B$501<>"""")),14),"""")"),"Nisha Gupta") -> Nisha Gupta | B22: =IF(A22="","",COUNTIF('Daily Log'!$B$2:$B$501,A22)) -> 25 | C22: =IF(A22="","",SUMIF('Daily Log'!$B$2:$B$501,A22,'Daily Log'!$F$2:$F$501)) -> 277 | D22: =IF(A22="","",AVERAGEIF('Daily Log'!$B$2:$B$501,A22,'Daily Log'!$G$2:$G$501)) -> 1.1303566 | E22: =IF(A22="","",AVERAGEIF('Daily Log'!$B$2:$B$501,A22,'Daily Log'!$Q$2:$Q$501)) -> 1.1303566 | F22: =IF(A22="","",AVERAGEIF('Daily Log'!$B$2:$B$501,A22,'Daily Log'!$T$2:$T$501)) -> 0.84612792 | G22: =IF(A22="","",AVERAGEIF('Daily Log'!$B$2:$B$501,A22,'Daily Log'!$N$2:$N$501)) -> 6.812 | H22: =IF(A22="","",AVERAGEIF('Daily Log'!$B$2:$B$501,A22,'Daily Log'!$U$2:$U$501)) -> 0.63603954
A23: =IFERROR(__xludf.DUMMYFUNCTION("IFERROR(INDEX(UNIQUE(FILTER('Daily Log'!$B$2:$B$501,'Daily Log'!$B$2:$B$501<>"""")),15),"""")"),"Arjun Verma") -> Arjun Verma | B23: =IF(A23="","",COUNTIF('Daily Log'!$B$2:$B$501,A23)) -> 25 | C23: =IF(A23="","",SUMIF('Daily Log'!$B$2:$B$501,A23,'Daily Log'!$F$2:$F$501)) -> 256 | D23: =IF(A23="","",AVERAGEIF('Daily Log'!$B$2:$B$501,A23,'Daily Log'!$G$2:$G$501)) -> 1.1248085 | E23: =IF(A23="","",AVERAGEIF('Daily Log'!$B$2:$B$501,A23,'Daily Log'!$Q$2:$Q$501)) -> 1.1248085 | F23: =IF(A23="","",AVERAGEIF('Daily Log'!$B$2:$B$501,A23,'Daily Log'!$T$2:$T$501)) -> 0.85638157 | G23: =IF(A23="","",AVERAGEIF('Daily Log'!$B$2:$B$501,A23,'Daily Log'!$N$2:$N$501)) -> 7.168 | H23: =IF(A23="","",AVERAGEIF('Daily Log'!$B$2:$B$501,A23,'Daily Log'!$U$2:$U$501)) -> 0.65635666
A24: =IFERROR(__xludf.DUMMYFUNCTION("IFERROR(INDEX(UNIQUE(FILTER('Daily Log'!$B$2:$B$501,'Daily Log'!$B$2:$B$501<>"""")),16),"""")"),"Sneha Kumari") -> Sneha Kumari | B24: =IF(A24="","",COUNTIF('Daily Log'!$B$2:$B$501,A24)) -> 25 | C24: =IF(A24="","",SUMIF('Daily Log'!$B$2:$B$501,A24,'Daily Log'!$F$2:$F$501)) -> 257 | D24: =IF(A24="","",AVERAGEIF('Daily Log'!$B$2:$B$501,A24,'Daily Log'!$G$2:$G$501)) -> 1.0278978 | E24: =IF(A24="","",AVERAGEIF('Daily Log'!$B$2:$B$501,A24,'Daily Log'!$Q$2:$Q$501)) -> 1.0278978 | F24: =IF(A24="","",AVERAGEIF('Daily Log'!$B$2:$B$501,A24,'Daily Log'!$T$2:$T$501)) -> 0.89519502 | G24: =IF(A24="","",AVERAGEIF('Daily Log'!$B$2:$B$501,A24,'Daily Log'!$N$2:$N$501)) -> 6.948 | H24: =IF(A24="","",AVERAGEIF('Daily Log'!$B$2:$B$501,A24,'Daily Log'!$U$2:$U$501)) -> 0.65970878
A25: =IFERROR(__xludf.DUMMYFUNCTION("IFERROR(INDEX(UNIQUE(FILTER('Daily Log'!$B$2:$B$501,'Daily Log'!$B$2:$B$501<>"""")),17),"""")"),"Gaurav Tiwari") -> Gaurav Tiwari | B25: =IF(A25="","",COUNTIF('Daily Log'!$B$2:$B$501,A25)) -> 25 | C25: =IF(A25="","",SUMIF('Daily Log'!$B$2:$B$501,A25,'Daily Log'!$F$2:$F$501)) -> 253 | D25: =IF(A25="","",AVERAGEIF('Daily Log'!$B$2:$B$501,A25,'Daily Log'!$G$2:$G$501)) -> 0.95232495 | E25: =IF(A25="","",AVERAGEIF('Daily Log'!$B$2:$B$501,A25,'Daily Log'!$Q$2:$Q$501)) -> 0.95232495 | F25: =IF(A25="","",AVERAGEIF('Daily Log'!$B$2:$B$501,A25,'Daily Log'!$T$2:$T$501)) -> 0.79667809 | G25: =IF(A25="","",AVERAGEIF('Daily Log'!$B$2:$B$501,A25,'Daily Log'!$N$2:$N$501)) -> 6.56 | H25: =IF(A25="","",AVERAGEIF('Daily Log'!$B$2:$B$501,A25,'Daily Log'!$U$2:$U$501)) -> 0.61643214
A26: =IFERROR(__xludf.DUMMYFUNCTION("IFERROR(INDEX(UNIQUE(FILTER('Daily Log'!$B$2:$B$501,'Daily Log'!$B$2:$B$501<>"""")),18),"""")"),"Anjali Singh") -> Anjali Singh | B26: =IF(A26="","",COUNTIF('Daily Log'!$B$2:$B$501,A26)) -> 25 | C26: =IF(A26="","",SUMIF('Daily Log'!$B$2:$B$501,A26,'Daily Log'!$F$2:$F$501)) -> 290 | D26: =IF(A26="","",AVERAGEIF('Daily Log'!$B$2:$B$501,A26,'Daily Log'!$G$2:$G$501)) -> 1.1496015 | E26: =IF(A26="","",AVERAGEIF('Daily Log'!$B$2:$B$501,A26,'Daily Log'!$Q$2:$Q$501)) -> 1.1496015 | F26: =IF(A26="","",AVERAGEIF('Daily Log'!$B$2:$B$501,A26,'Daily Log'!$T$2:$T$501)) -> 0.85853004 | G26: =IF(A26="","",AVERAGEIF('Daily Log'!$B$2:$B$501,A26,'Daily Log'!$N$2:$N$501)) -> 6.792 | H26: =IF(A26="","",AVERAGEIF('Daily Log'!$B$2:$B$501,A26,'Daily Log'!$U$2:$U$501)) -> 0.63845049
A27: =IFERROR(__xludf.DUMMYFUNCTION("IFERROR(INDEX(UNIQUE(FILTER('Daily Log'!$B$2:$B$501,'Daily Log'!$B$2:$B$501<>"""")),19),"""")"),"Mohit Agarwal") -> Mohit Agarwal | B27: =IF(A27="","",COUNTIF('Daily Log'!$B$2:$B$501,A27)) -> 25 | C27: =IF(A27="","",SUMIF('Daily Log'!$B$2:$B$501,A27,'Daily Log'!$F$2:$F$501)) -> 261 | D27: =IF(A27="","",AVERAGEIF('Daily Log'!$B$2:$B$501,A27,'Daily Log'!$G$2:$G$501)) -> 1.0243745 | E27: =IF(A27="","",AVERAGEIF('Daily Log'!$B$2:$B$501,A27,'Daily Log'!$Q$2:$Q$501)) -> 1.0243745 | F27: =IF(A27="","",AVERAGEIF('Daily Log'!$B$2:$B$501,A27,'Daily Log'!$T$2:$T$501)) -> 0.81808486 | G27: =IF(A27="","",AVERAGEIF('Daily Log'!$B$2:$B$501,A27,'Daily Log'!$N$2:$N$501)) -> 6.9 | H27: =IF(A27="","",AVERAGEIF('Daily Log'!$B$2:$B$501,A27,'Daily Log'!$U$2:$U$501)) -> 0.62832157
A28: =IFERROR(__xludf.DUMMYFUNCTION("IFERROR(INDEX(UNIQUE(FILTER('Daily Log'!$B$2:$B$501,'Daily Log'!$B$2:$B$501<>"""")),20),"""")"),"Swati Mishra") -> Swati Mishra | B28: =IF(A28="","",COUNTIF('Daily Log'!$B$2:$B$501,A28)) -> 25 | C28: =IF(A28="","",SUMIF('Daily Log'!$B$2:$B$501,A28,'Daily Log'!$F$2:$F$501)) -> 229 | D28: =IF(A28="","",AVERAGEIF('Daily Log'!$B$2:$B$501,A28,'Daily Log'!$G$2:$G$501)) -> 0.95716295 | E28: =IF(A28="","",AVERAGEIF('Daily Log'!$B$2:$B$501,A28,'Daily Log'!$Q$2:$Q$501)) -> 0.95716295 | F28: =IF(A28="","",AVERAGEIF('Daily Log'!$B$2:$B$501,A28,'Daily Log'!$T$2:$T$501)) -> 0.84063548 | G28: =IF(A28="","",AVERAGEIF('Daily Log'!$B$2:$B$501,A28,'Daily Log'!$N$2:$N$501)) -> 6.516 | H28: =IF(A28="","",AVERAGEIF('Daily Log'!$B$2:$B$501,A28,'Daily Log'!$U$2:$U$501)) -> 0.63950495
A30: Management View
A31: Use Employee KPI Summary to compare individual SME performance.
A32: Use Daily Log to investigate quality, TAT, attendance and rework.
A33: Use Weekly Summary to monitor productivity trends over time.

Sheet Weekly Summary
A1: Weekly Productivity Summary
A3: Week Starting | B3: Tasks Planned | C3: Tasks Completed | D3: Completion % | E3: Avg Quality % | F3: Avg Productive Hrs | G3: Avg KPI %
A4: =TODAY()-WEEKDAY(TODAY(),2)+1 -> 46251 | B4: =SUMIFS('Daily Log'!$E$2:$E$501,'Daily Log'!$A$2:$A$501,">="&A4,'Daily Log'!$A$2:$A$501,"<"&A4+7) -> 0 | C4: =SUMIFS('Daily Log'!$F$2:$F$501,'Daily Log'!$A$2:$A$501,">="&A4,'Daily Log'!$A$2:$A$501,"<"&A4+7) -> 0 | D4: =IFERROR(C4/B4,0) -> 0 | E4: =IFERROR(AVERAGEIFS('Daily Log'!$G$2:$G$501,'Daily Log'!$A$2:$A$501,">="&A4,'Daily Log'!$A$2:$A$501,"<"&A4+7),0) -> 0 | F4: =IFERROR(AVERAGEIFS('Daily Log'!$N$2:$N$501,'Daily Log'!$A$2:$A$501,">="&A4,'Daily Log'!$A$2:$A$501,"<"&A4+7),0) -> 0 | G4: =IFERROR(AVERAGEIFS('Daily Log'!$U$2:$U$501,'Daily Log'!$A$2:$A$501,">="&A4,'Daily Log'!$A$2:$A$501,"<"&A4+7),0) -> 0
A5: =A4-7 -> 46244 | B5: =SUMIFS('Daily Log'!$E$2:$E$501,'Daily Log'!$A$2:$A$501,">="&A5,'Daily Log'!$A$2:$A$501,"<"&A5+7) -> 1066 | C5: =SUMIFS('Daily Log'!$F$2:$F$501,'Daily Log'!$A$2:$A$501,">="&A5,'Daily Log'!$A$2:$A$501,"<"&A5+7) -> 1011 | D5: =IFERROR(C5/B5,0) -> 0.94840525 | E5: =IFERROR(AVERAGEIFS('Daily Log'!$G$2:$G$501,'Daily Log'!$A$2:$A$501,">="&A5,'Daily Log'!$A$2:$A$501,"<"&A5+7),0) -> 1.0654356 | F5: =IFERROR(AVERAGEIFS('Daily Log'!$N$2:$N$501,'Daily Log'!$A$2:$A$501,">="&A5,'Daily Log'!$A$2:$A$501,"<"&A5+7),0) -> 6.98 | G5: =IFERROR(AVERAGEIFS('Daily Log'!$U$2:$U$501,'Daily Log'!$A$2:$A$501,">="&A5,'Daily Log'!$A$2:$A$501,"<"&A5+7),0) -> 0.64057894
A6: =A5-7 -> 46237 | B6: =SUMIFS('Daily Log'!$E$2:$E$501,'Daily Log'!$A$2:$A$501,">="&A6,'Daily Log'!$A$2:$A$501,"<"&A6+7) -> 1096 | C6: =SUMIFS('Daily Log'!$F$2:$F$501,'Daily Log'!$A$2:$A$501,">="&A6,'Daily Log'!$A$2:$A$501,"<"&A6+7) -> 1016 | D6: =IFERROR(C6/B6,0) -> 0.9270073 | E6: =IFERROR(AVERAGEIFS('Daily Log'!$G$2:$G$501,'Daily Log'!$A$2:$A$501,">="&A6,'Daily Log'!$A$2:$A$501,"<"&A6+7),0) -> 1.0131134 | F6: =IFERROR(AVERAGEIFS('Daily Log'!$N$2:$N$501,'Daily Log'!$A$2:$A$501,">="&A6,'Daily Log'!$A$2:$A$501,"<"&A6+7),0) -> 6.547 | G6: =IFERROR(AVERAGEIFS('Daily Log'!$U$2:$U$501,'Daily Log'!$A$2:$A$501,">="&A6,'Daily Log'!$A$2:$A$501,"<"&A6+7),0) -> 0.63465843
A7: =A6-7 -> 46230 | B7: =SUMIFS('Daily Log'!$E$2:$E$501,'Daily Log'!$A$2:$A$501,">="&A7,'Daily Log'!$A$2:$A$501,"<"&A7+7) -> 1133 | C7: =SUMIFS('Daily Log'!$F$2:$F$501,'Daily Log'!$A$2:$A$501,">="&A7,'Daily Log'!$A$2:$A$501,"<"&A7+7) -> 1088 | D7: =IFERROR(C7/B7,0) -> 0.96028244 | E7: =IFERROR(AVERAGEIFS('Daily Log'!$G$2:$G$501,'Daily Log'!$A$2:$A$501,">="&A7,'Daily Log'!$A$2:$A$501,"<"&A7+7),0) -> 1.0559364 | F7: =IFERROR(AVERAGEIFS('Daily Log'!$N$2:$N$501,'Daily Log'!$A$2:$A$501,">="&A7,'Daily Log'!$A$2:$A$501,"<"&A7+7),0) -> 7.026 | G7: =IFERROR(AVERAGEIFS('Daily Log'!$U$2:$U$501,'Daily Log'!$A$2:$A$501,">="&A7,'Daily Log'!$A$2:$A$501,"<"&A7+7),0) -> 0.64321185
A8: =A7-7 -> 46223 | B8: =SUMIFS('Daily Log'!$E$2:$E$501,'Daily Log'!$A$2:$A$501,">="&A8,'Daily Log'!$A$2:$A$501,"<"&A8+7) -> 1132 | C8: =SUMIFS('Daily Log'!$F$2:$F$501,'Daily Log'!$A$2:$A$501,">="&A8,'Daily Log'!$A$2:$A$501,"<"&A8+7) -> 1017 | D8: =IFERROR(C8/B8,0) -> 0.89840989 | E8: =IFERROR(AVERAGEIFS('Daily Log'!$G$2:$G$501,'Daily Log'!$A$2:$A$501,">="&A8,'Daily Log'!$A$2:$A$501,"<"&A8+7),0) -> 0.98585441 | F8: =IFERROR(AVERAGEIFS('Daily Log'!$N$2:$N$501,'Daily Log'!$A$2:$A$501,">="&A8,'Daily Log'!$A$2:$A$501,"<"&A8+7),0) -> 6.717 | G8: =IFERROR(AVERAGEIFS('Daily Log'!$U$2:$U$501,'Daily Log'!$A$2:$A$501,">="&A8,'Daily Log'!$A$2:$A$501,"<"&A8+7),0) -> 0.63653089
A9: =A8-7 -> 46216 | B9: =SUMIFS('Daily Log'!$E$2:$E$501,'Daily Log'!$A$2:$A$501,">="&A9,'Daily Log'!$A$2:$A$501,"<"&A9+7) -> 1135 | C9: =SUMIFS('Daily Log'!$F$2:$F$501,'Daily Log'!$A$2:$A$501,">="&A9,'Daily Log'!$A$2:$A$501,"<"&A9+7) -> 1042 | D9: =IFERROR(C9/B9,0) -> 0.91806167 | E9: =IFERROR(AVERAGEIFS('Daily Log'!$G$2:$G$501,'Daily Log'!$A$2:$A$501,">="&A9,'Daily Log'!$A$2:$A$501,"<"&A9+7),0) -> 1.0002254 | F9: =IFERROR(AVERAGEIFS('Daily Log'!$N$2:$N$501,'Daily Log'!$A$2:$A$501,">="&A9,'Daily Log'!$A$2:$A$501,"<"&A9+7),0) -> 6.743 | G9: =IFERROR(AVERAGEIFS('Daily Log'!$U$2:$U$501,'Daily Log'!$A$2:$A$501,">="&A9,'Daily Log'!$A$2:$A$501,"<"&A9+7),0) -> 0.63430881
A10: =A9-7 -> 46209 | B10: =SUMIFS('Daily Log'!$E$2:$E$501,'Daily Log'!$A$2:$A$501,">="&A10,'Daily Log'!$A$2:$A$501,"<"&A10+7) -> 0 | C10: =SUMIFS('Daily Log'!$F$2:$F$501,'Daily Log'!$A$2:$A$501,">="&A10,'Daily Log'!$A$2:$A$501,"<"&A10+7) -> 0 | D10: =IFERROR(C10/B10,0) -> 0 | E10: =IFERROR(AVERAGEIFS('Daily Log'!$G$2:$G$501,'Daily Log'!$A$2:$A$501,">="&A10,'Daily Log'!$A$2:$A$501,"<"&A10+7),0) -> 0 | F10: =IFERROR(AVERAGEIFS('Daily Log'!$N$2:$N$501,'Daily Log'!$A$2:$A$501,">="&A10,'Daily Log'!$A$2:$A$501,"<"&A10+7),0) -> 0 | G10: =IFERROR(AVERAGEIFS('Daily Log'!$U$2:$U$501,'Daily Log'!$A$2:$A$501,">="&A10,'Daily Log'!$A$2:$A$501,"<"&A10+7),0) -> 0
A11: =A10-7 -> 46202 | B11: =SUMIFS('Daily Log'!$E$2:$E$501,'Daily Log'!$A$2:$A$501,">="&A11,'Daily Log'!$A$2:$A$501,"<"&A11+7) -> 0 | C11: =SUMIFS('Daily Log'!$F$2:$F$501,'Daily Log'!$A$2:$A$501,">="&A11,'Daily Log'!$A$2:$A$501,"<"&A11+7) -> 0 | D11: =IFERROR(C11/B11,0) -> 0 | E11: =IFERROR(AVERAGEIFS('Daily Log'!$G$2:$G$501,'Daily Log'!$A$2:$A$501,">="&A11,'Daily Log'!$A$2:$A$501,"<"&A11+7),0) -> 0 | F11: =IFERROR(AVERAGEIFS('Daily Log'!$N$2:$N$501,'Daily Log'!$A$2:$A$501,">="&A11,'Daily Log'!$A$2:$A$501,"<"&A11+7),0) -> 0 | G11: =IFERROR(AVERAGEIFS('Daily Log'!$U$2:$U$501,'Daily Log'!$A$2:$A$501,">="&A11,'Daily Log'!$A$2:$A$501,"<"&A11+7),0) -> 0
A12: =A11-7 -> 46195 | B12: =SUMIFS('Daily Log'!$E$2:$E$501,'Daily Log'!$A$2:$A$501,">="&A12,'Daily Log'!$A$2:$A$501,"<"&A12+7) -> 0 | C12: =SUMIFS('Daily Log'!$F$2:$F$501,'Daily Log'!$A$2:$A$501,">="&A12,'Daily Log'!$A$2:$A$501,"<"&A12+7) -> 0 | D12: =IFERROR(C12/B12,0) -> 0 | E12: =IFERROR(AVERAGEIFS('Daily Log'!$G$2:$G$501,'Daily Log'!$A$2:$A$501,">="&A12,'Daily Log'!$A$2:$A$501,"<"&A12+7),0) -> 0 | F12: =IFERROR(AVERAGEIFS('Daily Log'!$N$2:$N$501,'Daily Log'!$A$2:$A$501,">="&A12,'Daily Log'!$A$2:$A$501,"<"&A12+7),0) -> 0 | G12: =IFERROR(AVERAGEIFS('Daily Log'!$U$2:$U$501,'Daily Log'!$A$2:$A$501,">="&A12,'Daily Log'!$A$2:$A$501,"<"&A12+7),0) -> 0
A13: =A12-7 -> 46188 | B13: =SUMIFS('Daily Log'!$E$2:$E$501,'Daily Log'!$A$2:$A$501,">="&A13,'Daily Log'!$A$2:$A$501,"<"&A13+7) -> 0 | C13: =SUMIFS('Daily Log'!$F$2:$F$501,'Daily Log'!$A$2:$A$501,">="&A13,'Daily Log'!$A$2:$A$501,"<"&A13+7) -> 0 | D13: =IFERROR(C13/B13,0) -> 0 | E13: =IFERROR(AVERAGEIFS('Daily Log'!$G$2:$G$501,'Daily Log'!$A$2:$A$501,">="&A13,'Daily Log'!$A$2:$A$501,"<"&A13+7),0) -> 0 | F13: =IFERROR(AVERAGEIFS('Daily Log'!$N$2:$N$501,'Daily Log'!$A$2:$A$501,">="&A13,'Daily Log'!$A$2:$A$501,"<"&A13+7),0) -> 0 | G13: =IFERROR(AVERAGEIFS('Daily Log'!$U$2:$U$501,'Daily Log'!$A$2:$A$501,">="&A13,'Daily Log'!$A$2:$A$501,"<"&A13+7),0) -> 0
A14: =A13-7 -> 46181 | B14: =SUMIFS('Daily Log'!$E$2:$E$501,'Daily Log'!$A$2:$A$501,">="&A14,'Daily Log'!$A$2:$A$501,"<"&A14+7) -> 0 | C14: =SUMIFS('Daily Log'!$F$2:$F$501,'Daily Log'!$A$2:$A$501,">="&A14,'Daily Log'!$A$2:$A$501,"<"&A14+7) -> 0 | D14: =IFERROR(C14/B14,0) -> 0 | E14: =IFERROR(AVERAGEIFS('Daily Log'!$G$2:$G$501,'Daily Log'!$A$2:$A$501,">="&A14,'Daily Log'!$A$2:$A$501,"<"&A14+7),0) -> 0 | F14: =IFERROR(AVERAGEIFS('Daily Log'!$N$2:$N$501,'Daily Log'!$A$2:$A$501,">="&A14,'Daily Log'!$A$2:$A$501,"<"&A14+7),0) -> 0 | G14: =IFERROR(AVERAGEIFS('Daily Log'!$U$2:$U$501,'Daily Log'!$A$2:$A$501,">="&A14,'Daily Log'!$A$2:$A$501,"<"&A14+7),0) -> 0
A15: =A14-7 -> 46174 | B15: =SUMIFS('Daily Log'!$E$2:$E$501,'Daily Log'!$A$2:$A$501,">="&A15,'Daily Log'!$A$2:$A$501,"<"&A15+7) -> 0 | C15: =SUMIFS('Daily Log'!$F$2:$F$501,'Daily Log'!$A$2:$A$501,">="&A15,'Daily Log'!$A$2:$A$501,"<"&A15+7) -> 0 | D15: =IFERROR(C15/B15,0) -> 0 | E15: =IFERROR(AVERAGEIFS('Daily Log'!$G$2:$G$501,'Daily Log'!$A$2:$A$501,">="&A15,'Daily Log'!$A$2:$A$501,"<"&A15+7),0) -> 0 | F15: =IFERROR(AVERAGEIFS('Daily Log'!$N$2:$N$501,'Daily Log'!$A$2:$A$501,">="&A15,'Daily Log'!$A$2:$A$501,"<"&A15+7),0) -> 0 | G15: =IFERROR(AVERAGEIFS('Daily Log'!$U$2:$U$501,'Daily Log'!$A$2:$A$501,">="&A15,'Daily Log'!$A$2:$A$501,"<"&A15+7),0) -> 0
A16: =A15-7 -> 46167 | B16: =SUMIFS('Daily Log'!$E$2:$E$501,'Daily Log'!$A$2:$A$501,">="&A16,'Daily Log'!$A$2:$A$501,"<"&A16+7) -> 0 | C16: =SUMIFS('Daily Log'!$F$2:$F$501,'Daily Log'!$A$2:$A$501,">="&A16,'Daily Log'!$A$2:$A$501,"<"&A16+7) -> 0 | D16: =IFERROR(C16/B16,0) -> 0 | E16: =IFERROR(AVERAGEIFS('Daily Log'!$G$2:$G$501,'Daily Log'!$A$2:$A$501,">="&A16,'Daily Log'!$A$2:$A$501,"<"&A16+7),0) -> 0 | F16: =IFERROR(AVERAGEIFS('Daily Log'!$N$2:$N$501,'Daily Log'!$A$2:$A$501,">="&A16,'Daily Log'!$A$2:$A$501,"<"&A16+7),0) -> 0 | G16: =IFERROR(AVERAGEIFS('Daily Log'!$U$2:$U$501,'Daily Log'!$A$2:$A$501,">="&A16,'Daily Log'!$A$2:$A$501,"<"&A16+7),0) -> 0
... A29: =A28-7 -> 46076 | B29: =SUMIFS('Daily Log'!$E$2:$E$501,'Daily Log'!$A$2:$A$501,">="&A29,'Daily Log'!$A$2:$A$501,"<"&A29+7) -> 0 | C29: =SUMIFS('Daily Log'!$F$2:$F$501,'Daily Log'!$A$2:$A$501,">="&A29,'Daily Log'!$A$2:$A$501,"<"&A29+7) -> 0 | D29: =IFERROR(C29/B29,0) -> 0 | E29: =IFERROR(AVERAGEIFS('Daily Log'!$G$2:$G$501,'Daily Log'!$A$2:$A$501,">="&A29,'Daily Log'!$A$2:$A$501,"<"&A29+7),0) -> 0 | F29: =IFERROR(AVERAGEIFS('Daily Log'!$N$2:$N$501,'Daily Log'!$A$2:$A$501,">="&A29,'Daily Log'!$A$2:$A$501,"<"&A29+7),0) -> 0 | G29: =IFERROR(AVERAGEIFS('Daily Log'!$U$2:$U$501,'Daily Log'!$A$2:$A$501,">="&A29,'Daily Log'!$A$2:$A$501,"<"&A29+7),0) -> 0

Sheet Employee KPI Summary
A1: Employee ID | B1: Employee Name | C1: Subject | D1: Days Logged | E1: Tasks Planned | F1: Tasks Completed | G1: Completion % | H1: Avg Quality % | I1: Accuracy % | J1: Rework % | K1: On-Time % | L1: Avg TAT (hrs) | M1: Avg Productive Hrs | N1: Avg KPI % | O1: Performance Band
A2: SME001 | B2: Amit Sharma | C2: Mathematics | D2: =COUNTIF('Daily Log'!$B$2:$B$601,B2) -> 30 | E2: =SUMIF('Daily Log'!$B$2:$B$601,B2,'Daily Log'!$E$2:$E$601) -> 327 | F2: =SUMIF('Daily Log'!$B$2:$B$601,B2,'Daily Log'!$F$2:$F$601) -> 333 | G2: =IFERROR(F2/E2,0) -> 1.0183486 | H2: =IFERROR(AVERAGEIF('Daily Log'!$B$2:$B$601,B2,'Daily Log'!$G$2:$G$601),0) -> 1.1444335 | I2: =IFERROR(SUMIF('Daily Log'!$B$2:$B$601,B2,'Daily Log'!$H$2:$H$601)/SUMIF('Daily Log'!$B$2:$B$601,B2,'Daily Log'!$I$2:$I$601),0) -> 0.92036125 | J2: =IFERROR(SUMIF('Daily Log'!$B$2:$B$601,B2,'Daily Log'!$J$2:$J$601)/SUMIF('Daily Log'!$B$2:$B$601,B2,'Daily Log'!$I$2:$I$601),0) -> 0.041050903 | K2: =IFERROR(SUMIF('Daily Log'!$B$2:$B$601,B2,'Daily Log'!$L$2:$L$601)/SUMIF('Daily Log'!$B$2:$B$601,B2,'Daily Log'!$M$2:$M$601),0) -> 0.88400255 | L2: =IFERROR(AVERAGEIF('Daily Log'!$B$2:$B$601,B2,'Daily Log'!$K$2:$K$601),0) -> 3.4233333 | M2: =IFERROR(AVERAGEIF('Daily Log'!$B$2:$B$601,B2,'Daily Log'!$N$2:$N$601),0) -> 7.2433333 | N2: =IFERROR(AVERAGEIF('Daily Log'!$B$2:$B$601,B2,'Daily Log'!$U$2:$U$601),0) -> 0.66566544 | O2: =IF(N2>=0.9,"Excellent",IF(N2>=0.75,"Good",IF(N2>=0.6,"Needs Improvement","Critical"))) -> Needs Improvement
A3: SME002 | B3: Priya Singh | C3: Physics | D3: =COUNTIF('Daily Log'!$B$2:$B$601,B3) -> 30 | E3: =SUMIF('Daily Log'!$B$2:$B$601,B3,'Daily Log'!$E$2:$E$601) -> 333 | F3: =SUMIF('Daily Log'!$B$2:$B$601,B3,'Daily Log'!$F$2:$F$601) -> 305 | G3: =IFERROR(F3/E3,0) -> 0.91591592 | H3: =IFERROR(AVERAGEIF('Daily Log'!$B$2:$B$601,B3,'Daily Log'!$G$2:$G$601),0) -> 1.008217 | I3: =IFERROR(SUMIF('Daily Log'!$B$2:$B$601,B3,'Daily Log'!$H$2:$H$601)/SUMIF('Daily Log'!$B$2:$B$601,B3,'Daily Log'!$I$2:$I$601),0) -> 0.91797557 | J3: =IFERROR(SUMIF('Daily Log'!$B$2:$B$601,B3,'Daily Log'!$J$2:$J$601)/SUMIF('Daily Log'!$B$2:$B$601,B3,'Daily Log'!$I$2:$I$601),0) -> 0.041012216 | K3: =IFERROR(SUMIF('Daily Log'!$B$2:$B$601,B3,'Daily Log'!$L$2:$L$601)/SUMIF('Daily Log'!$B$2:$B$601,B3,'Daily Log'!$M$2:$M$601),0) -> 0.86593707 | L3: =IFERROR(AVERAGEIF('Daily Log'!$B$2:$B$601,B3,'Daily Log'!$K$2:$K$601),0) -> 3.4 | M3: =IFERROR(AVERAGEIF('Daily Log'!$B$2:$B$601,B3,'Daily Log'!$N$2:$N$601),0) -> 6.8533333 | N3: =IFERROR(AVERAGEIF('Daily Log'!$B$2:$B$601,B3,'Daily Log'!$U$2:$U$601),0) -> 0.63889864 | O3: =IF(N3>=0.9,"Excellent",IF(N3>=0.75,"Good",IF(N3>=0.6,"Needs Improvement","Critical"))) -> Needs Improvement
A4: SME003 | B4: Rohit Kumar | C4: Economics | D4: =COUNTIF('Daily Log'!$B$2:$B$601,B4) -> 30 | E4: =SUMIF('Daily Log'!$B$2:$B$601,B4,'Daily Log'!$E$2:$E$601) -> 326 | F4: =SUMIF('Daily Log'!$B$2:$B$601,B4,'Daily Log'!$F$2:$F$601) -> 326 | G4: =IFERROR(F4/E4,0) -> 1 | H4: =IFERROR(AVERAGEIF('Daily Log'!$B$2:$B$601,B4,'Daily Log'!$G$2:$G$601),0) -> 1.0986471 | I4: =IFERROR(SUMIF('Daily Log'!$B$2:$B$601,B4,'Daily Log'!$H$2:$H$601)/SUMIF('Daily Log'!$B$2:$B$601,B4,'Daily Log'!$I$2:$I$601),0) -> 0.90053286 | J4: =IFERROR(SUMIF('Daily Log'!$B$2:$B$601,B4,'Daily Log'!$J$2:$J$601)/SUMIF('Daily Log'!$B$2:$B$601,B4,'Daily Log'!$I$2:$I$601),0) -> 0.040852575 | K4: =IFERROR(SUMIF('Daily Log'!$B$2:$B$601,B4,'Daily Log'!$L$2:$L$601)/SUMIF('Daily Log'!$B$2:$B$601,B4,'Daily Log'!$M$2:$M$601),0) -> 0.83389831 | L4: =IFERROR(AVERAGEIF('Daily Log'!$B$2:$B$601,B4,'Daily Log'!$K$2:$K$601),0) -> 3.94 | M4: =IFERROR(AVERAGEIF('Daily Log'!$B$2:$B$601,B4,'Daily Log'!$N$2:$N$601),0) -> 6.8833333 | N4: =IFERROR(AVERAGEIF('Daily Log'!$B$2:$B$601,B4,'Daily Log'!$U$2:$U$601),0) -> 0.65106078 | O4: =IF(N4>=0.9,"Excellent",IF(N4>=0.75,"Good",IF(N4>=0.6,"Needs Improvement","Critical"))) -> Needs Improvement
A5: SME004 | B5: Neha Verma | C5: Chemistry | D5: =COUNTIF('Daily Log'!$B$2:$B$601,B5) -> 30 | E5: =SUMIF('Daily Log'!$B$2:$B$601,B5,'Daily Log'!$E$2:$E$601) -> 341 | F5: =SUMIF('Daily Log'!$B$2:$B$601,B5,'Daily Log'!$F$2:$F$601) -> 298 | G5: =IFERROR(F5/E5,0) -> 0.87390029 | H5: =IFERROR(AVERAGEIF('Daily Log'!$B$2:$B$601,B5,'Daily Log'!$G$2:$G$601),0) -> 0.93256077 | I5: =IFERROR(SUMIF('Daily Log'!$B$2:$B$601,B5,'Daily Log'!$H$2:$H$601)/SUMIF('Daily Log'!$B$2:$B$601,B5,'Daily Log'!$I$2:$I$601),0) -> 0.91756869 | J5: =IFERROR(SUMIF('Daily Log'!$B$2:$B$601,B5,'Daily Log'!$J$2:$J$601)/SUMIF('Daily Log'!$B$2:$B$601,B5,'Daily Log'!$I$2:$I$601),0) -> 0.04662781 | K5: =IFERROR(SUMIF('Daily Log'!$B$2:$B$601,B5,'Daily Log'!$L$2:$L$601)/SUMIF('Daily Log'!$B$2:$B$601,B5,'Daily Log'!$M$2:$M$601),0) -> 0.86317907 | L5: =IFERROR(AVERAGEIF('Daily Log'!$B$2:$B$601,B5,'Daily Log'!$K$2:$K$601),0) -> 3.0566667 | M5: =IFERROR(AVERAGEIF('Daily Log'!$B$2:$B$601,B5,'Daily Log'!$N$2:$N$601),0) -> 6.76 | N5: =IFERROR(AVERAGEIF('Daily Log'!$B$2:$B$601,B5,'Daily Log'!$U$2:$U$601),0) -> 0.63287735 | O5: =IF(N5>=0.9,"Excellent",IF(N5>=0.75,"Good",IF(N5>=0.6,"Needs Improvement","Critical"))) -> Needs Improvement
A6: SME005 | B6: Ankit Yadav | C6: Biology | D6: =COUNTIF('Daily Log'!$B$2:$B$601,B6) -> 30 | E6: =SUMIF('Daily Log'!$B$2:$B$601,B6,'Daily Log'!$E$2:$E$601) -> 346 | F6: =SUMIF('Daily Log'!$B$2:$B$601,B6,'Daily Log'!$F$2:$F$601) -> 271 | G6: =IFERROR(F6/E6,0) -> 0.78323699 | H6: =IFERROR(AVERAGEIF('Daily Log'!$B$2:$B$601,B6,'Daily Log'!$G$2:$G$601),0) -> 0.86514 | I6: =IFERROR(SUMIF('Daily Log'!$B$2:$B$601,B6,'Daily Log'!$H$2:$H$601)/SUMIF('Daily Log'!$B$2:$B$601,B6,'Daily Log'!$I$2:$I$601),0) -> 0.89293139 | J6: =IFERROR(SUMIF('Daily Log'!$B$2:$B$601,B6,'Daily Log'!$J$2:$J$601)/SUMIF('Daily Log'!$B$2:$B$601,B6,'Daily Log'!$I$2:$I$601),0) -> 0.043659044 | K6: =IFERROR(SUMIF('Daily Log'!$B$2:$B$601,B6,'Daily Log'!$L$2:$L$601)/SUMIF('Daily Log'!$B$2:$B$601,B6,'Daily Log'!$M$2:$M$601),0) -> 0.82297001 | L6: =IFERROR(AVERAGEIF('Daily Log'!$B$2:$B$601,B6,'Daily Log'!$K$2:$K$601),0) -> 3.6 | M6: =IFERROR(AVERAGEIF('Daily Log'!$B$2:$B$601,B6,'Daily Log'!$N$2:$N$601),0) -> 6.44 | N6: =IFERROR(AVERAGEIF('Daily Log'!$B$2:$B$601,B6,'Daily Log'!$U$2:$U$601),0) -> 0.59626018 | O6: =IF(N6>=0.9,"Excellent",IF(N6>=0.75,"Good",IF(N6>=0.6,"Needs Improvement","Critical"))) -> Critical
A7: SME006 | B7: Pooja Mishra | C7: Mathematics | D7: =COUNTIF('Daily Log'!$B$2:$B$601,B7) -> 30 | E7: =SUMIF('Daily Log'!$B$2:$B$601,B7,'Daily Log'!$E$2:$E$601) -> 308 | F7: =SUMIF('Daily Log'!$B$2:$B$601,B7,'Daily Log'!$F$2:$F$601) -> 297 | G7: =IFERROR(F7/E7,0) -> 0.96428571 | H7: =IFERROR(AVERAGEIF('Daily Log'!$B$2:$B$601,B7,'Daily Log'!$G$2:$G$601),0) -> 1.0587519 | I7: =IFERROR(SUMIF('Daily Log'!$B$2:$B$601,B7,'Daily Log'!$H$2:$H$601)/SUMIF('Daily Log'!$B$2:$B$601,B7,'Daily Log'!$I$2:$I$601),0) -> 0.88305709 | J7: =IFERROR(SUMIF('Daily Log'!$B$2:$B$601,B7,'Daily Log'!$J$2:$J$601)/SUMIF('Daily Log'!$B$2:$B$601,B7,'Daily Log'!$I$2:$I$601),0) -> 0.045119705 | K7: =IFERROR(SUMIF('Daily Log'!$B$2:$B$601,B7,'Daily Log'!$L$2:$L$601)/SUMIF('Daily Log'!$B$2:$B$601,B7,'Daily Log'!$M$2:$M$601),0) -> 0.84657162 | L7: =IFERROR(AVERAGEIF('Daily Log'!$B$2:$B$601,B7,'Daily Log'!$K$2:$K$601),0) -> 3.88 | M7: =IFERROR(AVERAGEIF('Daily Log'!$B$2:$B$601,B7,'Daily Log'!$N$2:$N$601),0) -> 6.7933333 | N7: =IFERROR(AVERAGEIF('Daily Log'!$B$2:$B$601,B7,'Daily Log'!$U$2:$U$601),0) -> 0.64377709 | O7: =IF(N7>=0.9,"Excellent",IF(N7>=0.75,"Good",IF(N7>=0.6,"Needs Improvement","Critical"))) -> Needs Improvement
A8: SME007 | B8: Vikas Gupta | C8: Physics | D8: =COUNTIF('Daily Log'!$B$2:$B$601,B8) -> 30 | E8: =SUMIF('Daily Log'!$B$2:$B$601,B8,'Daily Log'!$E$2:$E$601) -> 329 | F8: =SUMIF('Daily Log'!$B$2:$B$601,B8,'Daily Log'!$F$2:$F$601) -> 286 | G8: =IFERROR(F8/E8,0) -> 0.86930091 | H8: =IFERROR(AVERAGEIF('Daily Log'!$B$2:$B$601,B8,'Daily Log'!$G$2:$G$601),0) -> 0.96637853 | I8: =IFERROR(SUMIF('Daily Log'!$B$2:$B$601,B8,'Daily Log'!$H$2:$H$601)/SUMIF('Daily Log'!$B$2:$B$601,B8,'Daily Log'!$I$2:$I$601),0) -> 0.91323792 | J8: =IFERROR(SUMIF('Daily Log'!$B$2:$B$601,B8,'Daily Log'!$J$2:$J$601)/SUMIF('Daily Log'!$B$2:$B$601,B8,'Daily Log'!$I$2:$I$601),0) -> 0.058139535 | K8: =IFERROR(SUMIF('Daily Log'!$B$2:$B$601,B8,'Daily Log'!$L$2:$L$601)/SUMIF('Daily Log'!$B$2:$B$601,B8,'Daily Log'!$M$2:$M$601),0) -> 0.84955141 | L8: =IFERROR(AVERAGEIF('Daily Log'!$B$2:$B$601,B8,'Daily Log'!$K$2:$K$601),0) -> 3.2333333 | M8: =IFERROR(AVERAGEIF('Daily Log'!$B$2:$B$601,B8,'Daily Log'!$N$2:$N$601),0) -> 6.66 | N8: =IFERROR(AVERAGEIF('Daily Log'!$B$2:$B$601,B8,'Daily Log'!$U$2:$U$601),0) -> 0.62056511 | O8: =IF(N8>=0.9,"Excellent",IF(N8>=0.75,"Good",IF(N8>=0.6,"Needs Improvement","Critical"))) -> Needs Improvement
A9: SME008 | B9: Shweta Singh | C9: Economics | D9: =COUNTIF('Daily Log'!$B$2:$B$601,B9) -> 30 | E9: =SUMIF('Daily Log'!$B$2:$B$601,B9,'Daily Log'!$E$2:$E$601) -> 359 | F9: =SUMIF('Daily Log'!$B$2:$B$601,B9,'Daily Log'!$F$2:$F$601) -> 306 | G9: =IFERROR(F9/E9,0) -> 0.85236769 | H9: =IFERROR(AVERAGEIF('Daily Log'!$B$2:$B$601,B9,'Daily Log'!$G$2:$G$601),0) -> 0.94151677 | I9: =IFERROR(SUMIF('Daily Log'!$B$2:$B$601,B9,'Daily Log'!$H$2:$H$601)/SUMIF('Daily Log'!$B$2:$B$601,B9,'Daily Log'!$I$2:$I$601),0) -> 0.92262405 | J9: =IFERROR(SUMIF('Daily Log'!$B$2:$B$601,B9,'Daily Log'!$J$2:$J$601)/SUMIF('Daily Log'!$B$2:$B$601,B9,'Daily Log'!$I$2:$I$601),0) -> 0.047939445 | K9: =IFERROR(SUMIF('Daily Log'!$B$2:$B$601,B9,'Daily Log'!$L$2:$L$601)/SUMIF('Daily Log'!$B$2:$B$601,B9,'Daily Log'!$M$2:$M$601),0) -> 0.89019608 | L9: =IFERROR(AVERAGEIF('Daily Log'!$B$2:$B$601,B9,'Daily Log'!$K$2:$K$601),0) -> 2.98 | M9: =IFERROR(AVERAGEIF('Daily Log'!$B$2:$B$601,B9,'Daily Log'!$N$2:$N$601),0) -> 6.9366667 | N9: =IFERROR(AVERAGEIF('Daily Log'!$B$2:$B$601,B9,'Daily Log'!$U$2:$U$601),0) -> 0.63483784 | O9: =IF(N9>=0.9,"Excellent",IF(N9>=0.75,"Good",IF(N9>=0.6,"Needs Improvement","Critical"))) -> Needs Improvement
A10: SME009 | B10: Saurabh Jain | C10: Chemistry | D10: =COUNTIF('Daily Log'!$B$2:$B$601,B10) -> 30 | E10: =SUMIF('Daily Log'!$B$2:$B$601,B10,'Daily Log'!$E$2:$E$601) -> 309 | F10: =SUMIF('Daily Log'!$B$2:$B$601,B10,'Daily Log'!$F$2:$F$601) -> 301 | G10: =IFERROR(F10/E10,0) -> 0.97411003 | H10: =IFERROR(AVERAGEIF('Daily Log'!$B$2:$B$601,B10,'Daily Log'!$G$2:$G$601),0) -> 1.0641798 | I10: =IFERROR(SUMIF('Daily Log'!$B$2:$B$601,B10,'Daily Log'!$H$2:$H$601)/SUMIF('Daily Log'!$B$2:$B$601,B10,'Daily Log'!$I$2:$I$601),0) -> 0.91503823 | J10: =IFERROR(SUMIF('Daily Log'!$B$2:$B$601,B10,'Daily Log'!$J$2:$J$601)/SUMIF('Daily Log'!$B$2:$B$601,B10,'Daily Log'!$I$2:$I$601),0) -> 0.048428207 | K10: =IFERROR(SUMIF('Daily Log'!$B$2:$B$601,B10,'Daily Log'!$L$2:$L$601)/SUMIF('Daily Log'!$B$2:$B$601,B10,'Daily Log'!$M$2:$M$601),0) -> 0.88279644 | L10: =IFERROR(AVERAGEIF('Daily Log'!$B$2:$B$601,B10,'Daily Log'!$K$2:$K$601),0) -> 3.33 | M10: =IFERROR(AVERAGEIF('Daily Log'!$B$2:$B$601,B10,'Daily Log'!$N$2:$N$601),0) -> 6.71 | N10: =IFERROR(AVERAGEIF('Daily Log'!$B$2:$B$601,B10,'Daily Log'!$U$2:$U$601),0) -> 0.64599553 | O10: =IF(N10>=0.9,"Excellent",IF(N10>=0.75,"Good",IF(N10>=0.6,"Needs Improvement","Critical"))) -> Needs Improvement
A11: SME010 | B11: Kavita Sharma | C11: Biology | D11: =COUNTIF('Daily Log'!$B$2:$B$601,B11) -> 30 | E11: =SUMIF('Daily Log'!$B$2:$B$601,B11,'Daily Log'!$E$2:$E$601) -> 335 | F11: =SUMIF('Daily Log'!$B$2:$B$601,B11,'Daily Log'!$F$2:$F$601) -> 321 | G11: =IFERROR(F11/E11,0) -> 0.95820896 | H11: =IFERROR(AVERAGEIF('Daily Log'!$B$2:$B$601,B11,'Daily Log'!$G$2:$G$601),0) -> 1.0138706 | I11: =IFERROR(SUMIF('Daily Log'!$B$2:$B$601,B11,'Daily Log'!$H$2:$H$601)/SUMIF('Daily Log'!$B$2:$B$601,B11,'Daily Log'!$I$2:$I$601),0) -> 0.91292876 | J11: =IFERROR(SUMIF('Daily Log'!$B$2:$B$601,B11,'Daily Log'!$J$2:$J$601)/SUMIF('Daily Log'!$B$2:$B$601,B11,'Daily Log'!$I$2:$I$601),0) -> 0.046613896 | K11: =IFERROR(SUMIF('Daily Log'!$B$2:$B$601,B11,'Daily Log'!$L$2:$L$601)/SUMIF('Daily Log'!$B$2:$B$601,B11,'Daily Log'!$M$2:$M$601),0) -> 0.87618403 | L11: =IFERROR(AVERAGEIF('Daily Log'!$B$2:$B$601,B11,'Daily Log'!$K$2:$K$601),0) -> 3.19 | M11: =IFERROR(AVERAGEIF('Daily Log'!$B$2:$B$601,B11,'Daily Log'!$N$2:$N$601),0) -> 6.6333333 | N11: =IFERROR(AVERAGEIF('Daily Log'!$B$2:$B$601,B11,'Daily Log'!$U$2:$U$601),0) -> 0.62887046 | O11: =IF(N11>=0.9,"Excellent",IF(N11>=0.75,"Good",IF(N11>=0.6,"Needs Improvement","Critical"))) -> Needs Improvement
A12: SME011 | B12: Manish Kumar | C12: Statistics | D12: =COUNTIF('Daily Log'!$B$2:$B$601,B12) -> 30 | E12: =SUMIF('Daily Log'!$B$2:$B$601,B12,'Daily Log'!$E$2:$E$601) -> 353 | F12: =SUMIF('Daily Log'!$B$2:$B$601,B12,'Daily Log'!$F$2:$F$601) -> 329 | G12: =IFERROR(F12/E12,0) -> 0.93201133 | H12: =IFERROR(AVERAGEIF('Daily Log'!$B$2:$B$601,B12,'Daily Log'!$G$2:$G$601),0) -> 1.0255575 | I12: =IFERROR(SUMIF('Daily Log'!$B$2:$B$601,B12,'Daily Log'!$H$2:$H$601)/SUMIF('Daily Log'!$B$2:$B$601,B12,'Daily Log'!$I$2:$I$601),0) -> 0.91990091 | J12: =IFERROR(SUMIF('Daily Log'!$B$2:$B$601,B12,'Daily Log'!$J$2:$J$601)/SUMIF('Daily Log'!$B$2:$B$601,B12,'Daily Log'!$I$2:$I$601),0) -> 0.043765483 | K12: =IFERROR(SUMIF('Daily Log'!$B$2:$B$601,B12,'Daily Log'!$L$2:$L$601)/SUMIF('Daily Log'!$B$2:$B$601,B12,'Daily Log'!$M$2:$M$601),0) -> 0.86803331 | L12: =IFERROR(AVERAGEIF('Daily Log'!$B$2:$B$601,B12,'Daily Log'!$K$2:$K$601),0) -> 3.3 | M12: =IFERROR(AVERAGEIF('Daily Log'!$B$2:$B$601,B12,'Daily Log'!$N$2:$N$601),0) -> 6.9 | N12: =IFERROR(AVERAGEIF('Daily Log'!$B$2:$B$601,B12,'Daily Log'!$U$2:$U$601),0) -> 0.65140534 | O12: =IF(N12>=0.9,"Excellent",IF(N12>=0.75,"Good",IF(N12>=0.6,"Needs Improvement","Critical"))) -> Needs Improvement
A13: SME012 | B13: Riya Patel | C13: Computer Science | D13: =COUNTIF('Daily Log'!$B$2:$B$601,B13) -> 30 | E13: =SUMIF('Daily Log'!$B$2:$B$601,B13,'Daily Log'!$E$2:$E$601) -> 365 | F13: =SUMIF('Daily Log'!$B$2:$B$601,B13,'Daily Log'!$F$2:$F$601) -> 334 | G13: =IFERROR(F13/E13,0) -> 0.91506849 | H13: =IFERROR(AVERAGEIF('Daily Log'!$B$2:$B$601,B13,'Daily Log'!$G$2:$G$601),0) -> 1.0063207 | I13: =IFERROR(SUMIF('Daily Log'!$B$2:$B$601,B13,'Daily Log'!$H$2:$H$601)/SUMIF('Daily Log'!$B$2:$B$601,B13,'Daily Log'!$I$2:$I$601),0) -> 0.91576314 | J13: =IFERROR(SUMIF('Daily Log'!$B$2:$B$601,B13,'Daily Log'!$J$2:$J$601)/SUMIF('Daily Log'!$B$2:$B$601,B13,'Daily Log'!$I$2:$I$601),0) -> 0.049207673 | K13: =IFERROR(SUMIF('Daily Log'!$B$2:$B$601,B13,'Daily Log'!$L$2:$L$601)/SUMIF('Daily Log'!$B$2:$B$601,B13,'Daily Log'!$M$2:$M$601),0) -> 0.87785761 | L13: =IFERROR(AVERAGEIF('Daily Log'!$B$2:$B$601,B13,'Daily Log'!$K$2:$K$601),0) -> 3.2033333 | M13: =IFERROR(AVERAGEIF('Daily Log'!$B$2:$B$601,B13,'Daily Log'!$N$2:$N$601),0) -> 7.2466667 | N13: =IFERROR(AVERAGEIF('Daily Log'!$B$2:$B$601,B13,'Daily Log'!$U$2:$U$601),0) -> 0.64614279 | O13: =IF(N13>=0.9,"Excellent",IF(N13>=0.75,"Good",IF(N13>=0.6,"Needs Improvement","Critical"))) -> Needs Improvement
... A21: SME020 | B21: Swati Mishra | C21: Economics | D21: =COUNTIF('Daily Log'!$B$2:$B$601,B21) -> 30 | E21: =SUMIF('Daily Log'!$B$2:$B$601,B21,'Daily Log'!$E$2:$E$601) -> 317 | F21: =SUMIF('Daily Log'!$B$2:$B$601,B21,'Daily Log'!$F$2:$F$601) -> 286 | G21: =IFERROR(F21/E21,0) -> 0.9022082 | H21: =IFERROR(AVERAGEIF('Daily Log'!$B$2:$B$601,B21,'Daily Log'!$G$2:$G$601),0) -> 1.0123977 | I21: =IFERROR(SUMIF('Daily Log'!$B$2:$B$601,B21,'Daily Log'!$H$2:$H$601)/SUMIF('Daily Log'!$B$2:$B$601,B21,'Daily Log'!$I$2:$I$601),0) -> 0.91786622 | J21: =IFERROR(SUMIF('Daily Log'!$B$2:$B$601,B21,'Daily Log'!$J$2:$J$601)/SUMIF('Daily Log'!$B$2:$B$601,B21,'Daily Log'!$I$2:$I$601),0) -> 0.044030483 | K21: =IFERROR(SUMIF('Daily Log'!$B$2:$B$601,B21,'Daily Log'!$L$2:$L$601)/SUMIF('Daily Log'!$B$2:$B$601,B21,'Daily Log'!$M$2:$M$601),0) -> 0.84697272 | L21: =IFERROR(AVERAGEIF('Daily Log'!$B$2:$B$601,B21,'Daily Log'!$K$2:$K$601),0) -> 3.72 | M21: =IFERROR(AVERAGEIF('Daily Log'!$B$2:$B$601,B21,'Daily Log'!$N$2:$N$601),0) -> 6.65 | N21: =IFERROR(AVERAGEIF('Daily Log'!$B$2:$B$601,B21,'Daily Log'!$U$2:$U$601),0) -> 0.64130423 | O21: =IF(N21>=0.9,"Excellent",IF(N21>=0.75,"Good",IF(N21>=0.6,"Needs Improvement","Critical"))) -> Needs Improvement
